<ID|readonly|noverify>;<NewLanguage>;
attachables/category/skull;Skulls;
attachables/category/camouflage;Camouflage;
attachables/category/thunderLeague;Thunder League;
attachables/category/roadSign;Road Signs;
attachables/category/roundels;Roundels and Insignias;
attachables/category/other;Other;
attachables/category/weapons;Weapons;
attachables/category/helmet;Helmets;
attachables/category/machine_gun;Machine Guns;
attachables/category/rifle;Rifles;
attachables/category/assault_rifle;Assault Rifles;
attachables/category/submachine_gun;Submachine Guns;
attachables/category/hats;Hats;
attachables/category/shield;Shields;
attachables/category/ammunition;Ammunition;
attachables/group/hat;Hat;
attachables/pirate_skull;Pirate Skull;
attachables/cow_skull;Cow skull;
attachables/deer_skull;Deer skull;
attachables/goat_skull;Goat skull;
attachables/road_sign_achtung_panzer;Road Sign: "Achtung Panzer";
attachables/road_sign_achtung_panzer/desc;A novelty road sign with "Achtung Panzer" written on it.;
attachables/road_sign_arrow;Road Sign: "Go Straight";
attachables/road_sign_arrow/desc;A road sign indicating the direction of traffic flow.;
attachables/road_sign_no_crossing;Road Sign: "No Pedestrians";
attachables/road_sign_no_crossing/desc;A road sign indicating that pedestrians should not be present in this area.;
attachables/road_sign_no_entry;Road Sign: "No Entry";
attachables/road_sign_no_entry/desc;A road sign indicating that vehicles should not enter the area.;
attachables/road_sign_no_smoking;Sign: "No Smoking";
attachables/road_sign_no_smoking/desc;A generic sign indicating that smoking is prohibited in the area.;
attachables/road_sign_speed_limit_10;Road Sign: "Speed Limit 10";
attachables/road_sign_speed_limit_10/desc;A road sign indicating that a vehicle should not exceed 10 km/h.;
attachables/road_sign_speed_limit_60;Road Sign: "Speed Limit 60";
attachables/road_sign_speed_limit_60/desc;A road sign indicating that a vehicle should not exceed 60 km/h.;
attachables/road_sign_stop;Road Sign: B2a "Stop";
attachables/road_sign_stop/desc;A road sign indicating that vehicles should stop before proceeding.;
attachables/shop_sign_bar;"Bar" Sign;
attachables/lifebuoy;Lifebuoy;
attachables/mickey_ear_black;Mouse Ear;
attachables/bush_big;Bunch of Branches, big (foliage tree);
attachables/bush_small;Bunch of Branches (foliage tree);
attachables/bush_long;Armful of Branches (foliage tree);
attachables/palm;Bunch of Palm Leaves, big;
attachables/palm_long;Armful of Palm Leaves;
attachables/fir;Armful of Fir Branches;
attachables/fir_long;Bunch of Fir Branches;
thunder_league_skull_gold/name;Pirate Skull;
attachables/accordion;Bayan;
attachables/balalayka;Balalaika;
attachables/guitar;Guitar;
attachables/teddy_bear_brown;Teddy Bear (brown);
attachables/teddy_bear_white;Teddy Bear (white);
road_sign_achtung_panzer/name;"Attention, Tank!";
road_sign_arrow/name;"Go Straight";
road_sign_no_crossing/name;"No Pedestrians";
road_sign_no_entry/name;"No Entry";
road_sign_no_smoking/name;"No Smoking";
road_sign_speed_limit_10/name;"Speed Limit 10";
road_sign_speed_limit_60/name;"Speed Limit 60";
road_sign_stop/name;"Stop and give way";
attachables/horseshoe;Horseshoe;
attachables/horseshoe/desc;Horseshoe;
attachables/gnome;"Monk";
attachables/anchor_danforth;Anchor Danforth;
attachables/anchor_matrosov;Anchor Matrosov;
attachables/jack_o_lantern;Jack-o-lantern;
attachables/witch_hat;Witch Hat;
decals/anchor_danforth;Anchor Danforth;
decals/anchor_matrosov;Anchor Matrosov;
attachables/bush_sakura;Branch of Sakura;
decals/bush_sakura;Branch of Sakura;
attachables/skates;Skates;
attachables/sleigh;Sleigh;
attachables/ski;Ski;
attachables/crossout_roadsign;Sign "Run, you fools!";
attachables/crossout_wheel;Spare Wheel;
attachables/crossout_beep;Air Horn;
decals/crossout_roadsign;Sign "Run, you fools!";
decals/crossout_wheel;Spare Wheel;
decals/crossout_beep;Air Horn;
attachables/decor_shield;Shield;
attachables/streamer_sign_yel_rus;"Recording!";
attachables/streamer_sign_yel_eng;"Recording!";
attachables/streamer_sign_red_rus;"Recording!";
attachables/streamer_sign_red_eng;"Recording!";
attachables/road_sign_users_incoming;"Incoming disabled";
attachables/road_sign_users_keep;"Keep trying";
attachables/road_sign_users_distance;"Keep your distance";
attachables/slasher_mask;Slasher’s Mask;
attachables/slasher_hatchet;Slasher’s Hatchet;
attachables/christmas_wreath;Christmas Wreath;
attachables/stalingrad_sword;Sword of Stalingrad;
attachables/round_shield;Round Shield;
attachables/param/maxSurfaceAngle;Decorator can be installed on a surface with a slope of not more than {value}°;
attachables/fifa_cup;Super Cup;
attachables/cannibal_axe;Cannibal Axe;
attachables/golden_ball;Golden Ball;
attachables/golden_boot;Golden Boot;
attachables/golden_glove;Golden Glove;
attachables/silver_ball;Silver Ball
attachables/silver_boot;Silver Boot
attachables/silver_glove;Silver Glove
attachables/road_sign_tankers_day;Military Road Sign Traffic;
attachables/round_lion_shield;Round Shield (Lion);
attachables/celtic_shield;Gallic Shield;
attachables/helm_rome_gold;Gladiator helmet (Gold);
attachables/helm_rome_silver;Gladiator helmet (Silver);
attachables/helm_rome_black;Gladiator helmet;
attachables/teddy_bear_valentine;Teddy Bear with heart;
attachables/toilet_paper_roll_pack;Scarce goods;
attachables/dartboard;180!;
attachables/violet_chest;Secret chest;
attachables/sports_balls;Soccer ball;
attachables/sports_balls/desc;"Spot the Ball" collection;
attachables/feather_hat;Hat with Feather;
attachables/feather_hat/desc;"Hats" collection;
attachables/foil_hat;Foil Cap;
attachables/foil_hat/desc;The perfect headwear designed by experts used to keep out 5G and other ways 'The Man' employs to fix your mind.;
attachables/helmet_hat;Viking Helmet;
attachables/helmet_hat/desc;A comical representation of a 'Viking' helmet, fitted with impractical horns specifically designed to catch on low-lying foliage.;
attachables/jester_hat;Cap and Bells;
attachables/jester_hat/desc;"Hats" collection;
attachables/leprechaun_hat;Leprechaun's Hat;
attachables/leprechaun_hat/desc;"Hats" collection;
attachables/mad_hatter_hat;Hatter;
attachables/mad_hatter_hat/desc;"Hats" collection;
attachables/magic_hat;The Magic Hat;
attachables/magic_hat/desc;"Hats" collection;
attachables/pirate_hat;Pirate's Hat;
attachables/pirate_hat/desc;"Hats" collection;
attachables/rabbit_hat;Rabbit's Ears;
attachables/rabbit_hat/desc;"Hats" collection;
attachables/sombrero_hat;Sombrero;
attachables/sombrero_hat/desc;"Hats" collection;
attachables/uncle_sams_hat;Uncle Sam's Hat;
attachables/uncle_sams_hat/desc;"Hats" collection;
attachables/road_sign_tanks;"Beware of tanks";
attachables/battlepass_box;Battlepass Box;
attachables/anvil;Anvil;
attachables/bengal_light_decor;Sparkler;
attachables/snowman_decor;Snowman;
attachables/christmas_tree_decor;New Year Tree;
attachables/decor_composite_bow;Compound bow;
attachables/gladius;Gladius;
attachables/helmet_centurion;Centurion helmet;
attachables/scutum;Scutum shield;
attachables/anchor_danforth_ship;Anchor Danforth;
attachables/anchor_matrosov_ship;Anchor Matrosov;
attachables/decor_diver_suit;Diver's suit;
attachables/dumper_wheel;Dumper wheel;
attachables/skull_weight;Kettlebell-skull;
attachables/husafell_stone;Húsafell Stone;
attachables/acs_shield;ACS shield;
attachables/voltigeur_sign;Voltigeurs emblem;
attachables/flash_mascot;The advertising mascot;
attachables/zodiac_boat;Zodiac;
attachables/decor_scarecrow;Scarecrow;
attachables/road_sign_airplane;Road Sign: "Low-flying Aircraft";
attachables/road_sign_deer;Road Sign: "Wild animals";
attachables/road_sign_overtake;Road Sign: "Overtaking is prohibited";
attachables/road_sign_skull;Road Sign: "Minefield";
attachables/road_sign_tank_uk;Road Sign: "Military Vehicles";
attachables/road_sign_crossing;Road Sign: "Tank crossing";
attachables/road_sign_fire_st;Road Sign: "Fire Station";
attachables/road_sign_slow;Road Sign: "Slow";
attachables/christmas_sock_decor;Christmas sock;
attachables/decor_christmas_deer;Christmas deer;
attachables/decor_snowboard;Snowboard;
attachables/decor_snowshoes;Snowshoe;
attachables/ice_climber_backpack;Ice Climber’s Backpack;
attachables/road_sign_p4p_silver;Sign: Play4Peace, Silver;
attachables/road_sign_p4p_silver/desc;A diamond sign with 'Play4Peace' written on it. Given out during the #Play4Peace 2021 Twitch Drop promotion.;
attachables/road_sign_p4p_gold;Sign: Play4Peace, Gold;
attachables/road_sign_p4p_gold/desc;A diamond sign with 'Play4Peace' written on it. Given out during the #Play4Peace 2021 Twitch Drop promotion.;
attachables/decor_chinese_lamp;Sky Lantern;
attachables/bomb_box;Bomb cassette;
attachables/shield_paveza;Pavise
attachables/anchor_love;Anchor of Love;
attachables/decor_kris;Ceremonial Kris;
attachables/decor_bread_baguette;Basket with baguettes;
attachables/decor_megaphone;Megaphone;
attachables/decor_elephant;Armored elephant;
attachables/elephant_helmet;Elephant helmet;
attachables/ankus;Ankus;
attachables/ankus/desc;A one-handed hooked blade used by Indian elephant handlers.;
bush_big_one_pcs/name;Foliage tree (Type A)
bush_small_one_pcs/name;Foliage tree (Type C)
bush_long_one_pcs/name;Foliage tree (Type B);
palm_one_pcs/name;Palm Leaves (Type A);
palm_long_one_pcs/name;Palm Leaves (Type B);
fir_one_pcs/name;Fir (Type A);
fir_long_one_pcs/name;Fir (Type B);
attachables/bush_big_one_pcs;Foliage tree (Type A);
attachables/bush_small_one_pcs;Foliage tree (Type C);
attachables/bush_long_one_pcs;Foliage tree (Type B);
attachables/vgt_d;Foliage tree (Type D);
attachables/vgt_e;Foliage tree (Type E);
attachables/palm_one_pcs;Palm Leaves (Type A);
attachables/palm_long_one_pcs;Palm Leaves (Type B);
attachables/vgt_palm_f;Palm Leaves (Type C);
attachables/vgt_palm_e;Palm Leaves (Type D);
attachables/fir_one_pcs;Fir (Type A);
attachables/fir_long_one_pcs;Fir (Type B);
attachables/vgt_fir_c;Fir (Type C);
attachables/vgt_fir_e;Fir (Type D);
attachables/birch;Birch (Type A);
attachables/birch_long;Birch (Type B);
attachables/vgt_birch_c;Birch (Type C);
attachables/vgt_birch_f;Birch (Type D);
attachables/vgt_birch_e;Birch (Type E);
attachables/desert;Dry Bush (Type A);
attachables/desert_long;Dry Bush (Type B);
attachables/vgt_aspen_autumn_a;Autumn tree (Type A);
attachables/vgt_aspen_autumn_b;Autumn tree (Type B);
attachables/vgt_aspen_autumn_c;Autumn tree (Type C);
attachables/vgt_aspen_autumn_d;Autumn tree (Type D);
attachables/vgt_aspen_autumn_e;Autumn tree (Type E);
attachables/vgt_pine_a;Pine (Type A);
attachables/vgt_pine_b;Pine (Type B);
attachables/vgt_pine_c;Pine (Type C);
attachables/vgt_pine_d;Pine (Type D);
attachables/vgt_pine_e;Pine (Type E);
attachables/vgt_olive_a;Olive (Type A);
attachables/vgt_olive_b;Olive (Type B);
attachables/vgt_olive_c;Olive (Type C);
attachables/vgt_palm_banana_a;Banana Leaves (Type A);
attachables/vgt_palm_banana_b;Banana Leaves (Type B);
attachables/vgt_palm_banana_e;Banana Leaves (Type C);
attachables/vgt_palm_banana_d;Banana Leaves (Type D);
attachables/vgt_straw_bales_a;Straw (Type A);
attachables/vgt_straw_bales_b;Straw (Type B);
attachables/decor_flashing_light;Rotating emergency light;
attachables/sign_stand_shoot;Stop, shoot! sign;
attachables/decor_training_mine;Training mine;
attachables/vespiary;Hornet's nest;
attachables/sailing_catamaran;Sailing catamaran;
attachables/helmet_shin_kazama;Shin Kazama's Helmet;
attachables/helmet_kim_aba;Kim Aba's Helmet;
attachables/helmet_kitri;Kitri Parvaneh's Helmet;
attachables/helmet_mickey_simon;Mickey Simon's Helmet;
attachables/decor_quadrocopter;Quadrocopter;
attachables/decor_greek_fire;Greek Fire;
attachables/sign_fire_danger;Sign "Flammable";
attachables/decor_10_years_anniversary;10 Year Anniversary;
attachables/decor_10_years_anniversary_boat;10 Year Anniversary;
attachables/decor_x_letter;Golden X;
attachables/cake_anniversary_decor;Anniversary Cake;
attachables/snowtube;Snow Tube;
attachables/cuckoo_watch;Cuckoo Clock;
attachables/christmas_gnome;Christmas Gnome;
attachables/decor_christmas_mill;Christmas Mill;
attachables/decor_christmas_sleigh;Christmas Sleigh;
attachables/decor_guard_post;Guard Post;
attachables/decor_crown;Crown;
attachables/scepter;Royal Scepter;
attachables/trb_seal;Bajur;
attachables/decor_heraldic_shield;Heraldic shield;
attachables/decor_pelta_shield;Pelta shield;
attachables/football_tank_cup;Trophy: Best Striker 2023;
attachables/decor_black_quadrocopter;Quadcopter;
attachables/exs_pilot_helmet;Tactical Helmet;
attachables/decor_shako;Shako;
attachables/decor_cavalryman_statue;Cavalry statue;
attachables/decor_dakimakura_anime_usa;Stars and Stripes dakimakura;
attachables/decor_dakimakura_anime_ussr;Motherland Maiden dakimakura;
attachables/decor_puzzle_lock;Puzzle Door Lock;
attachables/decor_puzzle_lock/desc;A puzzle door lock from Atomic Heart.;
attachables/decor_shved;Swede axe;
attachables/decor_shved/desc;The axe, in one of its upgraded forms, from Atomic Heart.;
attachables/decor_bear_head;The Fury of the Bear;
attachables/decor_bear_head/desc;A bear head decoration from Atomic Heart.;
attachables/decor_eagle_head;Eagle of Valor;
attachables/decor_eagle_head/desc;An eagle head decoration from Atomic Heart.;
attachables/decor_bagpack;ILBE Rucksack;
attachables/decor_bagpack/desc;
attachables/decor_themis_drone;Crawler-type drone;
attachables/decor_bmx;BMX Bicycle;
attachables/jet_ski;Jet Ski;
attachables/decor_molotov_box;Molotov cocktail;
attachables/waka_boat;Waka;
attachables/decor_lifeboat_carley_float;Carley float;
attachables/decor_emergency_buoy;Emergency buoy;
attachables/death_valley_sign;Death Valley sign;
attachables/decor_club_night_battles;Club Night Battles sign;
attachables/decor_christmas_board;New Year sign;
attachables/decor_gingerbread_house;Gingerbread house;
attachables/decor_ratrack;Snowcat;
attachables/decor_snowbike;Snowbike;
attachables/road_sign_closed;Avalanche Danger;
attachables/road_sign_north_pole;North Pole;
attachables/decor_fuel_pallet;Fuel Pallet;
attachables/decor_new_year_dragon;Green Dragon;
attachables/decor_dakimakura_anime_french;Liberty Belle dakimakura;
attachables/decor_dakimakura_anime_german;Panzer Princess dakimakura;
attachables/decor_goalkeeper_cup;Golden Sheridan 2024;
attachables/decor_wheel_spike_md;Spikes;
attachables/decor_metal_flame_md;Iron Flame;
attachables/travel_gramophone;Gramophone;
attachables/decor_auction;Acutioneer's gavel;
attachables/pisang;Banana;
attachables/seikat_pisang;Bunch of Bananas;
attachables/decor_mantelet;Mantelet;
attachables/tuhao_heygirl;Tuhao Heygirl;
attachables/decor_dakimakura_anime_omaneko;Omaneko dakimakura (normal edition)
attachables/decor_dakimakura_anime_omaneko/desc;Japan Air Self-Defense Force official mascot character "Omaneko" special sleep acceleration device type 1
attachables/decor_dakimakura_anime_omaneko_b;Omaneko dakimakura (limited edition)
attachables/decor_dakimakura_anime_omaneko_b/desc;Japan Air Self-Defense Force official mascot character "Omaneko" special sleep acceleration device type 1 (Kai)
attachables/decor_d_point_cup;D Point
attachables/decor_nutcraker;Nutcracker
attachables/decor_hut_on_chicken_legs;Baba Yaga's Hut
attachables/christmas_gnome_girl;Christmas Miss Gnome
attachables/decor_wooden_christmas_tree;Mini Christmas Tree
attachables/decor_uroboros;Ouroboros
attachables/decor_heybox_guai;Heybox Cube Guai
attachables/decor_bomb_on_tank;Unexploded Bomb
attachables/decor_bomb_on_tank/desc;3... 2... 1... oops!
attachables/decor_reddit_500k;500k and Climbing!
attachables/decor_reddit_500k/desc;In honor of half a million subscribers on WT Reddit
attachables/decor_dakimakura_anime_elsa;Dakimakura "Elsa"
attachables/decor_dakimakura_anime_kate;Dakimakura "Kate"
attachables/decor_dakimakura_anime_maria;Dakimakura "Maria"
attachables/decor_christmas_gnome_deer;Garden gnome deer
attachables/decor_disco_sphere;Christmas Disco Ball
attachables/decor_christmas_dodge;Christmas Pickup Truck
attachables/decor_christmas_backpack;Christmas backpack
attachables/decor_firework;Firework mortar
attachables/decor_firework/desc;Launches fireworks when destroying enemy vehicles
attachables/decor_christmas_gazebo;Christmas gazebo
attachables/decor_blunderbuss;Blunderbuss
attachables/decor_pistol;Pistol
attachables/decor_paintball_mask;Paintball helmet
attachables/decor_paintball_marker;Paintball marker
attachables/decor_fire_horse;Horse figurine
attachables/decor_cheer_heybox_guai;Cheer fors
attachables/decor_tank_match_cup;Tank of the Match
CLIPPED_LANG_KEEP_IT_ALWAYS_FIRST;;