<ID|readonly|noverify>;<NewLanguage>
weapons/uk_264gal_drop_tank_1;264 gal. Drop Tank;
weapons/uk_264gal_drop_tank_1/short;Drop Tank;
weapons/uk_264gal_drop_tank_2;264 gal. Drop Tank;
weapons/uk_264gal_drop_tank_2/short;Drop Tank;
weapons/uk_264gal_drop_tank_3;264 gal. Drop Tank;
weapons/uk_264gal_drop_tank_3/short;Drop Tank;
weapons/buccaneer_s2b_baydoor_tank;440 Gallon External Fuel Tank;
weapons/buccaneer_s2b_baydoor_tank/short;External Fuel Tank;
weapons/uk_1500l_tornado_gr1_1;1500 Litre External Fuel Tank;
weapons/uk_1500l_tornado_gr1_1/short;External Fuel Tank;
weapons/uk_1500l_tornado_gr1_2;1500 Litre External Fuel Tank;
weapons/uk_1500l_tornado_gr1_2/short;External Fuel Tank;
weapons/uk_1500l_tornado_gr4_1;1500 Litre External Fuel Tank;
weapons/uk_1500l_tornado_gr4_1/short;External Fuel Tank;
weapons/uk_1500l_tornado_gr4_2;1500 Litre External Fuel Tank;
weapons/uk_1500l_tornado_gr4_2/short;External Fuel Tank;
weapons/gr_1500l_tornado_f3_1;1500 Litre External Fuel Tank;
weapons/gr_1500l_tornado_f3_1/short;External Fuel Tank;
weapons/gr_1500l_tornado_f3_2;1500 Litre External Fuel Tank;
weapons/gr_1500l_tornado_f3_2/short;External Fuel Tank;
weapons/gr_2250l_tornado_f3_1;2250 Litre External Fuel Tank;
weapons/gr_2250l_tornado_f3_1/short;External Fuel Tank;
weapons/gr_2250l_tornado_f3_2;2250 Litre External Fuel Tank;
weapons/gr_2250l_tornado_f3_2/short;External Fuel Tank;
weapons/meteor_f_mk8_100_tank_1;100 gal. Drop Tank;
weapons/meteor_f_mk8_100_tank_1/short;Drop Tank;
weapons/meteor_f_mk8_100_tank_3;100 gal. Drop Tank;
weapons/meteor_f_mk8_100_tank_3/short;Drop Tank;
weapons/meteor_f_mk8_180_tank_2;100 gal. Drop Tank;
weapons/meteor_f_mk8_180_tank_2/short;Drop Tank;
weapons/uk_1000l_ef_2000_2;1000 L Fuel Tank
weapons/uk_1000l_ef_2000_2/short;1000 L Fuel Tank
weapons/uk_1000l_ef_2000_1;1000 L Fuel Tank
weapons/uk_1000l_ef_2000_1/short;1000 L Fuel Tank
weapons/uk_1000l_ef_2000_3;1000 L Fuel Tank
weapons/uk_1000l_ef_2000_3/short;1000 L Fuel Tank
weapons/uk_130gal_hawk_drop_tank_1;130 gal. Drop Tank
weapons/uk_130gal_hawk_drop_tank_1/short;Drop Tank
weapons/uk_130gal_hawk_drop_tank_2;130 gal. Drop Tank
weapons/uk_130gal_hawk_drop_tank_2/short;Drop Tank